run,run_number,total_seconds,search_seconds,batch_size
m1-cpu6-pb-r1,1,41,40,
m1-cpu6-pb-r2,2,40,39,
m1-cpu6-pb-r3,3,40,40,
m1-cpu6-pb-r4,4,45,45,
m1-cpu6-pb-r5,5,38,37,
m1-cpu6-r1,1,35,34,
m1-cpu6-r2,2,42,41,
m1-cpu6-r3,3,37,36,
m1-cpu6-r4,4,35,35,
m1-cpu6-r5,5,34,34,
m1-cuda-autobs-r1,1,8,6.693,1705
m1-cuda-autobs-r2,2,7,6.615,1713
m1-cuda-autobs-r3,3,7,6.282,1703
m1-cuda-autobs-r4,4,9,7.832,1738
m1-cuda-autobs-r5,5,7,6.566,1745
m1-cuda-autobs2,,9,8.342,1
m1-cuda-bs10-r1,1,7,5.967,10
m1-cuda-bs10-r2,2,7,6.141,10
m1-cuda-bs10-r3,3,7,6.008,10
m1-cuda-bs10-r4,4,7,6.479,10
m1-cuda-bs10-r5,5,7,6.245,10
m1-cuda-bs100,,7,6.442,100
m1-cuda-bs100-r1,1,6,5.715,100
m1-cuda-bs100-r2,2,7,5.943,100
m1-cuda-bs100-r3,3,7,6.453,100
m1-cuda-bs100-r4,4,7,6.743,100
m1-cuda-bs100-r5,5,6,5.731,100
m1-cuda-bs1000-r1,1,7,6.09,1000
m1-cuda-bs1000-r2,2,7,6.114,1000
m1-cuda-bs1000-r3,3,7,6.082,1000
m1-cuda-bs1000-r4,4,7,5.837,1000
m1-cuda-bs1000-r5,5,7,6.405,1000
m1-cuda-bs150-r1,1,6,5.718,150
m1-cuda-bs150-r2,2,6,5.728,150
m1-cuda-bs150-r3,3,7,6.003,150
m1-cuda-bs150-r4,4,7,6.143,150
m1-cuda-bs150-r5,5,6,5.722,150
m1-cuda-bs200-r1,1,6,5.715,200
m1-cuda-bs200-r2,2,7,6.284,200
m1-cuda-bs200-r3,3,7,6.016,200
m1-cuda-bs200-r4,4,7,6.303,200
m1-cuda-bs200-r5,5,6,5.723,200
m1-cuda-bs250,,7,5.765,250
m1-cuda-bs250-r1,1,7,6.037,250
m1-cuda-bs250-r2,2,7,6.417,250
m1-cuda-bs250-r3,3,7,6.702,250
m1-cuda-bs250-r4,4,6,5.777,250
m1-cuda-bs250-r5,5,6,5.72,250
m1-cuda-bs300,,7,5.789,300
m1-cuda-bs400,,7,5.758,400
m1-cuda-bs50-r1,1,6,5.745,50
m1-cuda-bs50-r2,2,7,5.891,50
m1-cuda-bs50-r3,3,7,5.804,50
m1-cuda-bs50-r4,4,7,5.949,50
m1-cuda-bs50-r5,5,6,5.749,50
m1-cuda-bs500,,7,5.763,500
m1-cuda-bs500-r1,1,7,5.768,500
m1-cuda-bs500-r2,2,7,5.792,500
m1-cuda-bs500-r3,3,7,6.307,500
m1-cuda-bs500-r4,4,7,5.795,500
m1-cuda-bs500-r5,5,6,5.738,500
m1-cuda-bs600,,7,5.756,600
m1-cuda-bs75-r1,1,6,5.725,75
m1-cuda-bs75-r2,2,7,5.801,75
m1-cuda-bs75-r3,3,7,6.024,75
m1-cuda-bs75-r4,4,7,5.933,75
m1-cuda-bs75-r5,5,6,5.732,75
m1-cuda-bs800,,7,5.81,800
m1-cuda-nobs-r1,1,9,8.607,
m1-cuda-nobs-r2,2,10,8.792,
m1-cuda-nobs-r3,3,9,8.695,
m1-cuda-nobs-r4,4,9,8.627,
m1-cuda-nobs-r5,5,9,8.636,
m1-opencl-autobs-r-master,,14,13,
m1-opencl-autobs-r1,1,10,9.132,1587
m1-opencl-autobs-r2,2,8,7.238,1587
m1-opencl-autobs-r3,3,8,7.267,1587
m1-opencl-autobs-r4,4,8,6.969,1587
m1-opencl-autobs-r5,5,8,7.11,1587
m1-opencl-bs10-r1,1,7,6.735,10
m1-opencl-bs10-r2,2,7,6.735,10
m1-opencl-bs10-r3,3,7,6.742,10
m1-opencl-bs10-r4,4,7,6.724,10
m1-opencl-bs10-r5,5,7,6.793,10
m1-opencl-bs100-r1,1,8,7.291,100
m1-opencl-bs100-r2,2,8,6.94,100
m1-opencl-bs100-r3,3,8,6.921,100
m1-opencl-bs100-r4,4,8,6.919,100
m1-opencl-bs100-r5,5,8,7.179,100
m1-opencl-bs1000-r1,1,10,9.411,1000
m1-opencl-bs1000-r2,2,8,7.042,1000
m1-opencl-bs1000-r3,3,9,8.192,1000
m1-opencl-bs1000-r4,4,8,6.972,1000
m1-opencl-bs1000-r5,5,8,7.348,1000
m1-opencl-bs150-r1,1,8,6.942,150
m1-opencl-bs150-r2,2,8,7.005,150
m1-opencl-bs150-r3,3,8,6.986,150
m1-opencl-bs150-r4,4,8,6.983,150
m1-opencl-bs150-r5,5,8,7.32,150
m1-opencl-bs200-r1,1,8,6.957,200
m1-opencl-bs200-r2,2,8,7.22,200
m1-opencl-bs200-r3,3,8,7.22,200
m1-opencl-bs200-r4,4,8,7.226,200
m1-opencl-bs200-r5,5,8,7.638,200
m1-opencl-bs250-r1,1,7,6.804,250
m1-opencl-bs250-r2,2,8,7.077,250
m1-opencl-bs250-r3,3,8,7.085,250
m1-opencl-bs250-r4,4,8,7.087,250
m1-opencl-bs250-r5,5,8,7.072,250
m1-opencl-bs50-r1,1,8,6.844,50
m1-opencl-bs50-r2,2,8,6.892,50
m1-opencl-bs50-r3,3,8,6.87,50
m1-opencl-bs50-r4,4,8,6.836,50
m1-opencl-bs50-r5,5,8,6.932,50
m1-opencl-bs500-r1,1,8,6.905,500
m1-opencl-bs500-r2,2,8,7.118,500
m1-opencl-bs500-r3,3,8,7.116,500
m1-opencl-bs500-r4,4,8,7.115,500
m1-opencl-bs500-r5,5,8,7.116,500
m1-opencl-bs75-r1,1,8,6.92,75
m1-opencl-bs75-r2,2,8,6.9,75
m1-opencl-bs75-r3,3,8,6.903,75
m1-opencl-bs75-r4,4,8,6.89,75
m1-opencl-bs75-r5,5,7,6.77,75
m1-opencl-nobs-r1,1,17,16,
m1-opencl-nobs-r2,2,17,16,
m1-opencl-nobs-r3,3,17,16,
m1-opencl-nobs-r4,4,17,16,
m1-opencl-nobs-r5,5,17,16,
m2-cpu6-pb-r1,1,22,22,
m2-cpu6-pb-r2,2,22,22,
m2-cpu6-pb-r3,3,22,22,
m2-cpu6-pb-r4,4,22,22,
m2-cpu6-pb-r5,5,22,22,
m2-cpu6-r1,1,22,22,
m2-cpu6-r2,2,22,22,
m2-cpu6-r3,3,22,22,
m2-cpu6-r4,4,22,22,
m2-cpu6-r5,5,22,22,
m2-opencl-autobs-r1,1,3,2.147,6717
m2-opencl-autobs-r2,2,3,2.148,6717
m2-opencl-autobs-r3,3,3,2.15,6717
m2-opencl-autobs-r4,4,3,2.156,6717
m2-opencl-autobs-r5,5,3,2.185,6717
m2-opencl-bs10-r1,1,3,2,10
m2-opencl-bs10-r2,2,3,2.021,10
m2-opencl-bs10-r3,3,3,2.089,10
m2-opencl-bs10-r4,4,3,2.09,10
m2-opencl-bs10-r5,5,3,2.022,10
m2-opencl-bs100,,2,1.439,100
m2-opencl-bs100-r1,1,2,1.417,100
m2-opencl-bs100-r2,2,2,1.425,100
m2-opencl-bs100-r3,3,2,1.424,100
m2-opencl-bs100-r4,4,2,1.422,100
m2-opencl-bs100-r5,5,2,1.423,100
m2-opencl-bs1000-r1,1,3,2.032,1000
m2-opencl-bs1000-r2,2,3,2.019,1000
m2-opencl-bs1000-r3,3,3,2.006,1000
m2-opencl-bs1000-r4,4,3,2.006,1000
m2-opencl-bs1000-r5,5,3,2.01,1000
m2-opencl-bs150,,2,1.436,150
m2-opencl-bs150-r1,1,2,1.422,150
m2-opencl-bs150-r2,2,2,1.424,150
m2-opencl-bs150-r3,3,2,1.428,150
m2-opencl-bs150-r4,4,2,1.418,150
m2-opencl-bs150-r5,5,2,1.424,150
m2-opencl-bs200,,2,1.434,200
m2-opencl-bs200-r1,1,2,1.429,200
m2-opencl-bs200-r2,2,2,1.447,200
m2-opencl-bs200-r3,3,2,1.441,200
m2-opencl-bs200-r4,4,2,1.433,200
m2-opencl-bs200-r5,5,2,1.423,200
m2-opencl-bs250,,2,1.477,250
m2-opencl-bs250-r1,1,2,1.479,250
m2-opencl-bs250-r2,2,2,1.46,250
m2-opencl-bs250-r3,3,2,1.474,250
m2-opencl-bs250-r4,4,2,1.475,250
m2-opencl-bs250-r5,5,2,1.475,250
m2-opencl-bs300,,2,1.556,300
m2-opencl-bs3500-r1,1,3,2.153,3500
m2-opencl-bs3500-r2,2,3,2.156,3500
m2-opencl-bs3500-r3,3,3,2.164,3500
m2-opencl-bs3500-r4,4,3,2.162,3500
m2-opencl-bs3500-r5,5,3,2.164,3500
m2-opencl-bs50,,2,1.442,50
m2-opencl-bs50-r1,1,2,1.433,50
m2-opencl-bs50-r2,2,2,1.438,50
m2-opencl-bs50-r3,3,2,1.438,50
m2-opencl-bs50-r4,4,2,1.44,50
m2-opencl-bs50-r5,5,2,1.434,50
m2-opencl-bs500,,3,1.99,500
m2-opencl-bs75-r1,1,2,1.402,75
m2-opencl-bs75-r2,2,2,1.401,75
m2-opencl-bs75-r3,3,2,1.404,75
m2-opencl-bs75-r4,4,2,1.408,75
m2-opencl-bs75-r5,5,2,1.431,75
m2-opencl-nobs-r1,1,10,8.992,
m2-opencl-nobs-r2,2,10,9.064,
m2-opencl-nobs-r3,3,9,8.845,
m2-opencl-nobs-r4,4,10,8.91,
m2-opencl-nobs-r5,5,10,8.949,
m3-cuda-autobs-r1,1,3,1.244,5825
m3-cuda-autobs-r2,2,3,1.238,5825
m3-cuda-autobs-r3,3,3,1.237,5825
m3-cuda-autobs-r4,4,3,1.237,5825
m3-cuda-autobs-r5,5,3,1.238,5825
m3-cuda-bs10-r1,1,2,0.978,10
m3-cuda-bs10-r2,2,2,0.953,10
m3-cuda-bs10-r3,3,2,0.962,10
m3-cuda-bs10-r4,4,2,0.952,10
m3-cuda-bs10-r5,5,2,0.955,10
m3-cuda-bs100-r1,1,2,0.618,100
m3-cuda-bs100-r2,2,2,0.612,100
m3-cuda-bs100-r3,3,2,0.611,100
m3-cuda-bs100-r4,4,2,0.613,100
m3-cuda-bs100-r5,5,2,0.61,100
m3-cuda-bs1000-r1,1,2,1.179,1000
m3-cuda-bs1000-r2,2,2,1.171,1000
m3-cuda-bs1000-r3,3,2,1.171,1000
m3-cuda-bs1000-r4,4,2,1.169,1000
m3-cuda-bs1000-r5,5,2,1.171,1000
m3-cuda-bs150-r1,1,2,0.625,150
m3-cuda-bs150-r2,2,2,0.627,150
m3-cuda-bs150-r3,3,2,0.643,150
m3-cuda-bs150-r4,4,2,0.625,150
m3-cuda-bs150-r5,5,2,0.623,150
m3-cuda-bs200-r1,1,2,0.645,200
m3-cuda-bs200-r2,2,2,0.642,200
m3-cuda-bs200-r3,3,2,0.641,200
m3-cuda-bs200-r4,4,2,0.643,200
m3-cuda-bs200-r5,5,2,0.644,200
m3-cuda-bs250-r1,1,2,0.69,250
m3-cuda-bs250-r2,2,2,0.689,250
m3-cuda-bs250-r3,3,2,0.688,250
m3-cuda-bs250-r4,4,2,0.688,250
m3-cuda-bs250-r5,5,2,0.688,250
m3-cuda-bs50-r1,1,2,0.604,50
m3-cuda-bs50-r2,2,2,0.603,50
m3-cuda-bs50-r3,3,2,0.603,50
m3-cuda-bs50-r4,4,2,0.607,50
m3-cuda-bs50-r5,5,2,0.602,50
m3-cuda-bs500-r1,1,2,1.169,500
m3-cuda-bs500-r2,2,2,1.169,500
m3-cuda-bs500-r3,3,2,1.169,500
m3-cuda-bs500-r4,4,2,1.166,500
m3-cuda-bs500-r5,5,2,1.17,500
m3-cuda-bs75-r1,1,2,0.608,75
m3-cuda-bs75-r2,2,2,0.601,75
m3-cuda-bs75-r3,3,2,0.601,75
m3-cuda-bs75-r4,4,2,0.601,75
m3-cuda-bs75-r5,5,2,0.613,75
m3-cuda-nobs-r1,1,8,7.146,
m3-cuda-nobs-r2,2,8,7.146,
m3-cuda-nobs-r3,3,8,7.154,
m3-cuda-nobs-r4,4,8,7.075,
m3-cuda-nobs-r5,5,8,7.054,
m3-opencl-autobs-r1,1,2,1.258,13277
m3-opencl-autobs-r2,2,2,1.257,13277
m3-opencl-autobs-r3,3,2,1.257,13277
m3-opencl-autobs-r4,4,2,1.255,13277
m3-opencl-autobs-r5,5,2,1.258,13277
m3-opencl-bs10-r1,1,3,2.128,10
m3-opencl-bs10-r2,2,3,2.23,10
m3-opencl-bs10-r3,3,3,2.223,10
m3-opencl-bs10-r4,4,3,2.223,10
m3-opencl-bs10-r5,5,3,2.218,10
m3-opencl-bs100-r1,1,2,0.476,100
m3-opencl-bs100-r2,2,2,0.476,100
m3-opencl-bs100-r3,3,2,0.477,100
m3-opencl-bs100-r4,4,2,0.48,100
m3-opencl-bs100-r5,5,2,0.48,100
m3-opencl-bs1000-r1,1,2,1.08,1000
m3-opencl-bs1000-r2,2,2,1.074,1000
m3-opencl-bs1000-r3,3,2,1.075,1000
m3-opencl-bs1000-r4,4,2,1.08,1000
m3-opencl-bs1000-r5,5,2,1.076,1000
m3-opencl-bs150-r1,1,2,0.491,150
m3-opencl-bs150-r2,2,2,0.491,150
m3-opencl-bs150-r3,3,2,0.494,150
m3-opencl-bs150-r4,4,2,0.494,150
m3-opencl-bs150-r5,5,2,0.493,150
m3-opencl-bs200-r1,1,2,0.501,200
m3-opencl-bs200-r2,2,2,0.503,200
m3-opencl-bs200-r3,3,2,0.507,200
m3-opencl-bs200-r4,4,2,0.504,200
m3-opencl-bs200-r5,5,2,0.503,200
m3-opencl-bs2000-r1,1,2,1.104,2000
m3-opencl-bs2000-r2,2,2,1.102,2000
m3-opencl-bs2000-r3,3,2,1.108,2000
m3-opencl-bs2000-r4,4,2,1.103,2000
m3-opencl-bs2000-r5,5,2,1.103,2000
m3-opencl-bs250-r1,1,2,0.558,250
m3-opencl-bs250-r2,2,2,0.556,250
m3-opencl-bs250-r3,3,2,0.556,250
m3-opencl-bs250-r4,4,2,0.556,250
m3-opencl-bs250-r5,5,2,0.565,250
m3-opencl-bs3000-r1,1,2,1.117,3000
m3-opencl-bs3000-r2,2,2,1.117,3000
m3-opencl-bs3000-r3,3,2,1.118,3000
m3-opencl-bs3000-r4,4,2,1.117,3000
m3-opencl-bs3000-r5,5,2,1.117,3000
m3-opencl-bs4000-r1,1,2,1.147,4000
m3-opencl-bs4000-r2,2,2,1.127,4000
m3-opencl-bs4000-r3,3,2,1.127,4000
m3-opencl-bs4000-r4,4,2,1.128,4000
m3-opencl-bs4000-r5,5,2,1.127,4000
m3-opencl-bs50-r1,1,2,0.504,50
m3-opencl-bs50-r2,2,2,0.496,50
m3-opencl-bs50-r3,3,2,0.505,50
m3-opencl-bs50-r4,4,2,0.5,50
m3-opencl-bs50-r5,5,2,0.497,50
m3-opencl-bs500-r1,1,2,1.045,500
m3-opencl-bs500-r2,2,2,1.044,500
m3-opencl-bs500-r3,3,2,1.047,500
m3-opencl-bs500-r4,4,2,1.045,500
m3-opencl-bs500-r5,5,2,1.045,500
m3-opencl-bs75-r1,1,2,0.458,75
m3-opencl-bs75-r2,2,2,0.458,75
m3-opencl-bs75-r3,3,2,0.46,75
m3-opencl-bs75-r4,4,2,0.46,75
m3-opencl-bs75-r5,5,2,0.457,75
m3-opencl-nobs-r1,1,15,14,
m3-opencl-nobs-r2,2,15,14,
m3-opencl-nobs-r3,3,15,14,
m3-opencl-nobs-r4,4,15,14,
m3-opencl-nobs-r5,5,16,14,
m4-cuda-autobs-r1,1,19,18,1
m4-cuda-autobs-r2,2,15,14,1
m4-cuda-autobs-r3,3,14,14,1
m4-cuda-autobs-r4,4,17,16,1
m4-cuda-autobs-r5,5,15,14,1
m4-cuda-bs10-r1,1,4,2.901,10
m4-cuda-bs10-r2,2,3,2.61,10
m4-cuda-bs10-r3,3,3,2.527,10
m4-cuda-bs10-r4,4,3,2.623,10
m4-cuda-bs10-r5,5,3,2.756,10
m4-cuda-bs100-r1,1,8,3.65,100
m4-cuda-bs100-r2,2,4,3.67,100
m4-cuda-bs100-r3,3,4,3.646,100
m4-cuda-bs100-r4,4,7,6.602,100
m4-cuda-bs100-r5,5,4,3.662,100
m4-cuda-bs1000-r1,1,5,4.433,1000
m4-cuda-bs1000-r2,2,5,4.432,1000
m4-cuda-bs1000-r3,3,5,4.419,1000
m4-cuda-bs1000-r4,4,5,4.447,1000
m4-cuda-bs1000-r5,5,5,4.503,1000
m4-cuda-bs150-r1,1,6,4.398,150
m4-cuda-bs150-r2,2,5,4.396,150
m4-cuda-bs150-r3,3,5,4.373,150
m4-cuda-bs150-r4,4,5,4.382,150
m4-cuda-bs150-r5,5,5,4.4,150
m4-cuda-bs200-r1,1,5,4.401,200
m4-cuda-bs200-r2,2,5,4.403,200
m4-cuda-bs200-r3,3,5,4.368,200
m4-cuda-bs200-r4,4,5,4.39,200
m4-cuda-bs200-r5,5,5,4.382,200
m4-cuda-bs250-r1,1,5,4.38,250
m4-cuda-bs250-r2,2,8,7.34,250
m4-cuda-bs250-r3,3,5,4.386,250
m4-cuda-bs250-r4,4,5,4.382,250
m4-cuda-bs250-r5,5,8,7.32,250
m4-cuda-bs50-r1,1,3,2.212,50
m4-cuda-bs50-r2,2,3,2.198,50
m4-cuda-bs50-r3,3,6,5.123,50
m4-cuda-bs50-r4,4,3,2.212,50
m4-cuda-bs50-r5,5,3,2.4,50
m4-cuda-bs500-r1,1,5,4.384,500
m4-cuda-bs500-r2,2,5,4.414,500
m4-cuda-bs500-r3,3,8,4.389,500
m4-cuda-bs500-r4,4,5,4.395,500
m4-cuda-bs500-r5,5,5,4.408,500
m4-cuda-bs75-r1,1,4,2.695,75
m4-cuda-bs75-r2,2,3,2.685,75
m4-cuda-bs75-r3,3,3,2.676,75
m4-cuda-bs75-r4,4,3,2.673,75
m4-cuda-bs75-r5,5,3,2.689,75
m4-cuda-nobs-r1,1,18,17,
m4-cuda-nobs-r2,2,18,17,
m4-cuda-nobs-r3,3,16,15,
m4-cuda-nobs-r4,4,22,21,
m4-cuda-nobs-r5,5,23,22,
